{"cameraMode":{"drawMode":0,"name":"Shaded","section":"Shading Mode"},"sceneLighting":false,"audioPlay":false,"sceneViewState":{"showFog":true,"showMaterialUpdate":false,"showSkybox":false,"showFlares":true,"showImageEffects":true,"showParticleSystems":true},"in2DMode":false,"pivot":{"x":-414.6252136230469,"y":32.479522705078128,"z":11.18854808807373},"rotation":{"x":-0.23634299635887147,"y":0.2594378590583801,"z":-0.0656413584947586,"w":-0.9340906143188477},"size":8.2146635055542,"orthographic":false}