{"cameraMode":{"drawMode":0,"name":"Shaded","section":"Shading Mode"},"sceneLighting":false,"audioPlay":false,"sceneViewState":{"showFog":true,"showMaterialUpdate":false,"showSkybox":false,"showFlares":true,"showImageEffects":true,"showParticleSystems":true},"in2DMode":false,"pivot":{"x":26.351730346679689,"y":49.06382751464844,"z":128.36732482910157},"rotation":{"x":0.01467006653547287,"y":-0.039570923894643787,"z":-0.0005795311881229281,"w":-0.9991089105606079},"size":284.16912841796877,"orthographic":false}